{
    "list": [
        {
            "prefab": {
                "instanceID": 22948
            },
            "position": {
                "x": 643.4555053710938,
                "y": 841.2565307617188,
                "z": 18.0
            }
        },
        {
            "prefab": {
                "instanceID": 22948
            },
            "position": {
                "x": 959.2669677734375,
                "y": 1193.141357421875,
                "z": 18.0
            }
        }
    ]
}