{
    "list": [
        {
            "prefab": {
                "instanceID": 35662
            },
            "position": {
                "x": 511.2903137207031,
                "y": 344.6237487792969,
                "z": 17.999998092651368
            }
        },
        {
            "prefab": {
                "instanceID": 35662
            },
            "position": {
                "x": 789.247314453125,
                "y": 95.16136932373047,
                "z": 17.999998092651368
            }
        }
    ]
}