{
    "list": [
        {
            "prefab": {
                "instanceID": 25006
            },
            "position": {
                "x": 514.7637939453125,
                "y": 329.5276794433594,
                "z": 18.64999771118164
            }
        },
        {
            "prefab": {
                "instanceID": 25006
            },
            "position": {
                "x": 820.0787353515625,
                "y": 55.51185607910156,
                "z": 18.64999771118164
            }
        }
    ]
}