{
    "list": [
        {
            "prefab": {
                "instanceID": 0
            },
            "position": {
                "x": 687.5537109375,
                "y": 81.22764587402344,
                "z": 16.784515380859376
            }
        },
        {
            "prefab": {
                "instanceID": 0
            },
            "position": {
                "x": 687.5537109375,
                "y": 859.0089721679688,
                "z": 16.78451156616211
            }
        }
    ]
}